accuracy,precision,sensitivity,f1,iou,specificity
0.8161363220214843,0.7829598853593062,0.7010198393991418,0.7397276444324636,0.5869585579375367,0.8845359253634278
0.8079123306274414,0.7051435934411269,0.7260030742327064,0.7154213165948259,0.5569307087506542,0.8487274926616616
0.816740608215332,0.7285500957104205,0.7393982806743927,0.7339341039772851,0.5796966068534851,0.8569116289766798
0.8208635330200196,0.7395426374629668,0.7412002020048606,0.7403704919832816,0.5877684567337518,0.8627491232442622
0.8261094284057617,0.7625910193493953,0.7356497798060102,0.7488781720303875,0.5985653477453169,0.8753457354197606
0.8219430541992188,0.7425882251514685,0.7437373048639958,0.7431623208304106,0.5912953861483756,0.8633847813461886
0.8208203887939454,0.7391341606162138,0.7423730696134508,0.7407500746219888,0.5882470665222592,0.8621066300604249
0.8247387313842773,0.7516895689765735,0.737421459002015,0.7444871581184354,0.5929745465627538,0.8709843304593112
0.8259237670898437,0.741857216071752,0.7500687466522395,0.7459403833121733,0.5948205120282255,0.8651232744949736
0.8253282165527344,0.7505886847066552,0.7407929527281789,0.7456586484255932,0.5944623028569278,0.8699798685524264
0.828436393737793,0.7508034146503075,0.7483352449534785,0.7495672980146353,0.5994463331169407,0.8702730454387396
0.8224776840209961,0.7364759523248825,0.7474676774949908,0.7419311064828147,0.589738058309825,0.8613601068711169
0.8275483703613281,0.7480955222686372,0.749163170929474,0.7486289659455092,0.5982469991493428,0.8684305380314956
0.8189706039428711,0.729108165205982,0.7373576432398645,0.7332097008562168,0.5787932709555712,0.8605217851452207
0.8129553604125976,0.7208408241151083,0.7300126461182369,0.7253977444844057,0.5691169471459725,0.8553834384012873
0.8306047821044922,0.7554895149711572,0.7448918671129533,0.7501532638447215,0.6001962017777545,0.8750345424368788
0.825026741027832,0.7595539449439713,0.7425507325865929,0.7509561040504866,0.6012247499753527,0.8704733593617013
0.8380150604248047,0.7710829144454568,0.7670722725744601,0.7690723647630956,0.6247908835153253,0.8764912843877731
0.8392497253417969,0.777294329877975,0.7561966669555059,0.7666003683241253,0.6215344553674881,0.8837948717407731
0.8350063705444336,0.7546310233813542,0.758191664675786,0.7564071537931487,0.6082434102932535,0.8742031328749069
0.8366642761230468,0.7756855919058324,0.7513457757674069,0.7633217039806083,0.6172354657129351,0.8827178880309272
0.8280471801757813,0.7629034356021662,0.7456688680735614,0.7541877043464262,0.605378279679578,0.8731421831987125
0.8377166748046875,0.7680036138416777,0.757983680409439,0.7629607506963533,0.6167635757117962,0.8796318902931991
0.8406917572021484,0.7817419606454978,0.7584546122984349,0.7699222373226032,0.6259134671671364,0.8852541563985263
0.8346801376342774,0.7639749294030352,0.7564757818691652,0.7602068620363677,0.6131723420287775,0.8761299949519572
0.8457255554199219,0.7764729275566576,0.7694877323845555,0.772964549183664,0.6299447572353492,0.8852264403745467
0.8429031753540039,0.7787771588414367,0.766077740763031,0.7723752522723651,0.6291623345831465,0.8838928441077989
0.8413164520263672,0.7772216827761156,0.7694694533500548,0.7733261404412185,0.6304252221689748,0.880306908531524
0.8444613265991211,0.789617878048079,0.7728145264510784,0.7811258455006789,0.6408584861835415,0.8846118268913116
0.8480249786376953,0.7917196165552586,0.7717518725992716,0.7816082364002828,0.6415081419222951,0.8895272553388767
0.8462714767456054,0.7878561181106694,0.7757780142466717,0.7817704182480802,0.6417266744777504,0.8850597143887984
0.8449106979370117,0.7795879884542989,0.7682206974723758,0.7738626015952204,0.6311385678326308,0.8853811919273473
0.8445377349853516,0.7914772261111275,0.7693451678391011,0.7802542835411276,0.6396860206292319,0.886604169080899
0.8448295593261719,0.7826787946822159,0.770865963809479,0.7767274680926718,0.6349586439921096,0.8846794621041821
0.8425122451782227,0.7837406130191504,0.7672071352752047,0.7753857487133549,0.6331673405716888,0.8838346651129549
0.8410161590576172,0.7710478008833525,0.771586315677036,0.7713169642857143,0.627759106185848,0.8779899353771918
0.8558918762207032,0.8024942107619011,0.7855417017718942,0.7939274710458809,0.6582750638838928,0.8943395758907436
0.8536351776123047,0.8056843996101937,0.777669797224343,0.7914292644365942,0.6548472846048596,0.8958273220281339
0.8544818496704102,0.8003106936902127,0.7889363731582766,0.7945828301345353,0.6591766319565682,0.8908316044254901
0.8559039306640625,0.8029495076065087,0.7852365760185295,0.7939942662506768,0.6583669082420085,0.894567603259117
0.8491949462890624,0.7976797038131064,0.7747032013845463,0.7860235801098465,0.6474784577619471,0.890650220917611
0.850835075378418,0.8002347640450429,0.7756817609733495,0.7877669928733151,0.6498478330832888,0.892541491274665
0.8544541549682617,0.8039844422605289,0.7778279910034978,0.7906899583930546,0.6538356014495476,0.8963396250949734
0.8489815902709961,0.7971301560784261,0.7764479447553156,0.786653132833566,0.6483332624170869,0.8895306442253647
0.8569376373291016,0.8104381299101661,0.7747599735856332,0.7921975464609861,0.655899931433114,0.9015723407239974
0.8612154388427734,0.811250064096012,0.7843342612604597,0.7975651422598319,0.6632917676378409,0.9023534755779308
0.8532030868530274,0.8051604255048284,0.7878258686813303,0.7963988315106528,0.6616800085947254,0.8906888213975885
0.8574408340454102,0.8102277260039644,0.7763029806830988,0.7929026473649348,0.6568671910629634,0.9014275927935316
0.8549789810180664,0.8010592438433703,0.7875014772823757,0.7942225053510206,0.6586808170459602,0.8921795538452462
0.8612935256958008,0.8223100544909887,0.784648680348181,0.803038043360798,0.6708968809798658,0.9044750020724505
0.8537807083129882,0.8076125210560693,0.7863759734581915,0.7968527810685635,0.662306963379162,0.8924716559251505
0.8594636535644531,0.8170398000906476,0.785650859647937,0.8010379512818746,0.6681095136733537,0.9009996996692308
0.8565213775634766,0.8062907344620136,0.795916617121083,0.8010700901540535,0.6681542295137045,0.8910517160508044
0.8670436859130859,0.8252836539781255,0.7902846102430784,0.8074050292619339,0.6770152894089868,0.9088586266074239
0.864061279296875,0.8205214290842352,0.7925859327775253,0.806311790039935,0.675479395131925,0.9037448802030246
0.8642416000366211,0.8208220524261839,0.7937782583474092,0.8070736699856433,0.6765494646898526,0.903488641439147
0.8613665390014649,0.8193865656418476,0.787920654635243,0.8033456094206411,0.6713263376167469,0.9025688513605208
0.8588572692871094,0.803524564156044,0.7935484632144443,0.7985053558770878,0.6645933544381253,0.8944001416610405
0.8617745971679688,0.8105169181873597,0.7946110892334052,0.8024851952310765,0.6701254899190384,0.8984795039568672
0.862335090637207,0.8076171592266876,0.7928400582225784,0.8001603898707628,0.6668894601542417,0.8993652358139946
0.8621134567260742,0.826266641386799,0.7865337376598776,0.8059107601869234,0.6749166924182995,0.9053632980267154
0.8622866439819336,0.8106529621587881,0.7914448753524187,0.8009337726671054,0.6679645831145101,0.9004398301249389
0.8665945434570312,0.8191270072754537,0.8001263875932133,0.809515219036495,0.67998787719178,0.9030632897692552
0.861328239440918,0.8213972765523802,0.7872550954809597,0.8039638676722658,0.67219028417443,0.9032110796559126
0.8565055847167968,0.810070392551922,0.7899305126837182,0.7998736980766887,0.6664912657899578,0.8944476361132633
0.8721101760864258,0.831190008599416,0.7977085400663197,0.8141051741014413,0.6864901982219119,0.9123586532287058
0.8697466659545898,0.8311264142977608,0.7971577426948557,0.8137877574628724,0.6860389130045599,0.9100558731143424
0.8683263397216797,0.8151200093883776,0.7975742510264612,0.8062516832141327,0.6753950325014421,0.9053463876949224
0.8683872985839843,0.827948705555081,0.7986879089705577,0.8130551279487934,0.6849982228270809,0.9073117205879521
0.8705636596679688,0.8239933829253525,0.7998834960627442,0.8117594583619042,0.6831608836059585,0.9084402043411479
0.8712913131713867,0.8332560627104328,0.8022159201572929,0.8174414310684723,0.6912481567885909,0.910012128762765
0.8705593872070313,0.8281757830232748,0.8051464479146869,0.816498762240237,0.6899010632095146,0.9069833763523186
0.8646572494506836,0.8155867395784604,0.7955210245284812,0.8054289267495994,0.6742411102907805,0.9022340396780671
0.8757978820800781,0.8443005641708337,0.8058321532537298,0.8246179648882999,0.7015744160237517,0.9155556135181994
0.8678767013549805,0.8325335331668675,0.7910408440268538,0.8112569870624395,0.6824494261864918,0.9109008624516592
0.8769969940185547,0.8373776080578529,0.8117533678798718,0.8243664129122783,0.7012103277470983,0.913002080416692
0.8765450668334961,0.8386585482323484,0.8053393249688086,0.8216612930254308,0.6973048480560216,0.9154183658124497
0.8753645706176758,0.8349836020013262,0.8106554076232203,0.8226396776939814,0.6987153058485366,0.9112223850338319
0.878488655090332,0.8447598086575816,0.8079268018889669,0.8259328613394518,0.7034800942318593,0.9176336876796929
0.8709335327148438,0.8231939552365509,0.8034609032437963,0.8132077377952065,0.6852148970742774,0.9072126506244241
0.8756697845458984,0.8423470626710776,0.799699878179533,0.8204696548492069,0.6955901204426551,0.9175298782387259
0.8784122848510743,0.840086686578508,0.8079245240432903,0.8236917710686699,0.7002346415760344,0.9166256246890967
0.8794574737548828,0.837650850017711,0.8153995838847056,0.8263754578046126,0.7041225094516096,0.9142251192270037
0.8668681335449219,0.8291947861546455,0.7976521877169812,0.8131177004874937,0.6850870560808509,0.9063281418125902
0.8715534591674805,0.820381535586733,0.8111345381733719,0.815731832124078,0.6888066860626315,0.9041592743270013
0.8742707061767578,0.8333787105572603,0.8076676091899238,0.8203217454693895,0.6953775254556951,0.9109851008759109
0.8802850341796875,0.8423927132243725,0.8153265325968465,0.8286386632590858,0.7074150710528078,0.9160387756013332
0.8782204818725586,0.8434508404262202,0.8115160839009303,0.8271753506661977,0.705284759436167,0.915598515907189
0.8662386322021485,0.8190944172565366,0.803735969647312,0.8113425173685613,0.6825704874817419,0.9010714586352784
0.8802385330200195,0.8457628758224938,0.8195421783147085,0.8324461009318141,0.7129830165409767,0.9148282251100813
0.8869286727905273,0.8607267940581054,0.8210134980457375,0.8404012431280957,0.7247345154069798,0.9244262860595568
0.8731986236572266,0.8384445444909315,0.8098975760192464,0.8239238635721967,0.7005701740320752,0.909790566517732
0.8746796798706055,0.8375479165468492,0.8113736399843956,0.824253038621837,0.7010462843600982,0.9106298598487912
0.8810781478881836,0.8430327073562662,0.8217310669500195,0.8322456035881709,0.7126889062849351,0.9143144391612993
0.8787467956542969,0.8458006466210511,0.8095425729536204,0.8272745175437071,0.705428960075948,0.9174529436827916
0.8852068328857422,0.851760083982629,0.8201677553714714,0.8356654393229397,0.7177193459215024,0.9211391520029696
0.8869502258300781,0.8556324727580742,0.8190782389284779,0.8369564176859141,0.7196260143756933,0.9241843865549078
0.8788420486450196,0.8384460125412823,0.8113253600195265,0.8246627675762012,0.701639278350409,0.9153860133330268
0.8743023681640625,0.841899941001194,0.806150694906464,0.8236375845406387,0.700156324034727,0.9133228953896082
0.8725788497924805,0.8295085152092594,0.8061354241937343,0.8176549708301474,0.6915536080058109,0.9090509235911854
0.879872932434082,0.8416401210390914,0.8188978531877332,0.8301132512148509,0.7095671885136482,0.9139327229809183
0.8800572204589844,0.8408932287501533,0.8173157418107143,0.8289368653060372,0.7078498509157369,0.9146746692849563
0.8795035934448242,0.8361519567286685,0.814437574522097,0.8251519335082252,0.7023477818474175,0.9144019089066054
0.8880694580078125,0.8498733859147065,0.8271843210213232,0.838375372265905,0.721726582107052,0.9209911032487574
0.8906581497192383,0.8598206375235324,0.8239005419314593,0.8414774344631066,0.7263366804367262,0.926958981812357
0.8865402603149414,0.8537314657251024,0.8231203090494749,0.8381464819779627,0.7213873943462684,0.921736274435541
0.8792144012451172,0.8387343346094696,0.8200181753074735,0.829270665180333,0.7083367952918592,0.9121847196760533
0.8824722290039062,0.8556123261896621,0.8102776113000998,0.8323281103534992,0.7128099235183926,0.9230829386270468
0.8881064605712891,0.8500966158410291,0.8246037716203863,0.8371561634697358,0.71992140059638,0.9221187879230947
0.8847184753417969,0.8561712434879588,0.8170071894721839,0.8361308603667198,0.7184062467969325,0.9228031161629271
0.8799007034301758,0.8472423745167317,0.8160397647264204,0.8313483944239185,0.7113740232394657,0.9162510243650732
0.8892275619506836,0.8512029738909047,0.8257141681502593,0.8382648586415394,0.7215627975764982,0.9230758749943351
0.8808032608032227,0.8468388638869109,0.8147471819662874,0.8304831153984682,0.7101078456694737,0.91769730014783
0.8731010818481445,0.8325416237727725,0.8119699302121097,0.8221271082169229,0.6979760837965951,0.9076629788148813
0.8821814727783203,0.851187500810298,0.8148326711463075,0.8326134300247481,0.7132285495132936,0.9200019300298649
0.8857345581054688,0.8577800377630667,0.8214313673546827,0.8392122959167954,0.722967940618917,0.9223817363070302
0.8901552200317383,0.8529618262786411,0.8258362883468864,0.8391799139858572,0.7229198771597005,0.9243388019815683
0.8937424850463868,0.8628854563309047,0.8266803540039837,0.8443949920638277,0.7306951650995841,0.9296548233875913
0.8949292755126953,0.8697077569029531,0.8247946886484037,0.8466560086155178,0.734088021388299,0.9329734427993346
0.8895343780517578,0.8556218479600651,0.8268097158612087,0.8409690738204141,0.7255794947529383,0.9237950746242951
0.8885735321044922,0.855999970860335,0.8195421712114108,0.8373744319058067,0.720244294367664,0.9257508346193571
0.8911847686767578,0.8647180909897234,0.8274000440699032,0.8456475606151791,0.7325731135162176,0.9271046998347616
0.8927475738525391,0.8660719756817319,0.8355500416951458,0.8505372732628367,0.7399433261112789,0.9256573741188778
0.8820751571655273,0.8518368278136933,0.8188246791542876,0.8350045946676876,0.7167449681310154,0.9183407290854784
0.8841582107543945,0.8443615084736003,0.8232485888540565,0.833671397705617,0.7147826059188055,0.9173379241420518
0.8830863571166992,0.8460882510176957,0.8166075473255281,0.8310865429177946,0.7109906536556773,0.9192318339715716
0.8906254196166992,0.8650253073125593,0.826112086025348,0.8451209983338236,0.7317831540053492,0.9271069526767416
0.8913229370117187,0.8671858206612931,0.8327654363525462,0.8496271588519594,0.7385667745807132,0.9255188357318022
0.8844624328613281,0.844964673070405,0.8193963904584743,0.8319841389594022,0.7123055145999289,0.9193613233484869
0.8919790267944336,0.8624945534895169,0.8321977416207423,0.8470753323717302,0.7347187168041817,0.9255327379330491
0.893002700805664,0.8579349036331728,0.8334624700701725,0.8455216438889109,0.7323841451104269,0.9252504804015684
0.8960397338867188,0.8704265213269592,0.832934505856922,0.8512679025243005,0.7410499840606295,0.9311039859665114
0.8868834304809571,0.8507416148881825,0.8229996205448569,0.8366407081481072,0.719159346564638,0.9215794690055865
0.8951831436157227,0.8594192058354789,0.8354538779624794,0.8472671082860583,0.7350073155510455,0.9270617382646373
0.8915667724609375,0.8605427856025243,0.835401918540797,0.8477860066103166,0.7357886742168666,0.9233611137646329
0.8937288284301758,0.862864062929873,0.8327585602439556,0.8475440524457631,0.7354242513515911,0.9272449230174789
0.890892333984375,0.8531640134495556,0.8304798143853536,0.8416690986727225,0.726622330206587,0.9233076330475856
0.8928012847900391,0.8617090203559521,0.8339144738843217,0.847583943950333,0.7354843239999111,0.9255570046840511
0.8939836120605469,0.8626594701295351,0.8306086024084486,0.8463307003299475,0.7335990483338654,0.9283309956686785
0.8843516540527344,0.8538510297530818,0.8260266777956777,0.8397084219523577,0.7237046599659785,0.9181263251014828
0.8924286651611328,0.8564466151330425,0.828458236365994,0.8422199647457675,0.7274438486588929,0.9263550975654835
0.8920834350585938,0.858941749508118,0.8282782297178238,0.8433313503550476,0.7291036638832686,0.9265412976963847
0.8964362335205078,0.8667231590677195,0.8332726204797163,0.8496687893885024,0.7386296933879001,0.9306315988523398
0.880831413269043,0.8365271386900858,0.8256549732079006,0.8310554990802764,0.7109452146157524,0.9111988448403272
0.8941733169555665,0.866679727296713,0.8318986098372441,0.8489330689673067,0.7375184240639042,0.9288146375849852
0.8956628799438476,0.8646675759816838,0.8377363865898386,0.8509889622321155,0.7406273171102701,0.927633687985186
0.8950159072875976,0.863507184770823,0.8376575654552091,0.8503859794321529,0.7397143425687416,0.9267483573229127
0.8959114456176758,0.8715569600011837,0.8271672508161675,0.8487821271317479,0.7372906094803867,0.9334443861514785
0.8892613220214843,0.8569389526824536,0.8360604694749681,0.8463709717964228,0.7336595656875812,0.9198220825729967
0.8864183807373047,0.8581437061921399,0.8294327970347802,0.843544020817681,0.7294216433677962,0.9197653935465628
0.8951274871826171,0.8710333987482927,0.8329056066735923,0.8515429239062241,0.7414669138550307,0.9302964627455074
0.889497299194336,0.8512019055268613,0.8253588108496003,0.8380811809273138,0.7212906505776165,0.923503207062162
0.8940849304199219,0.8659603536455355,0.8307465252784744,0.8479880216860568,0.7360930594898426,0.9290382076913123
0.8938949203491211,0.8650299315312743,0.8368544702571041,0.8507089721810116,0.7402032658302428,0.926154086507711
0.8932113265991211,0.8613409031878332,0.832419860464079,0.8466334677604698,0.7340541311845883,0.9265378770532279
0.8952286148071289,0.8641462242512943,0.8354160433225801,0.8495382997019657,0.7384324914787581,0.9280125963620576
0.8996717071533203,0.8683378940004026,0.8445320527774388,0.8562695439944127,0.7486637603276602,0.9298698690259518
0.9004349136352539,0.8767510974125772,0.8414753978567655,0.85875113734753,0.752466149540457,0.9335538084593746
0.8986280059814453,0.8704707152005723,0.8407949728793934,0.8553755345852186,0.7472979657788927,0.9306737202567469
0.8988048171997071,0.8689654892868435,0.8382690628929568,0.8533413120777635,0.7441981830042481,0.9315740458897667
0.8970322799682617,0.867908458014515,0.8360713829950994,0.8516924993377847,0.7416937526286501,0.9303838821423472
0.9005524063110352,0.8703987902349793,0.8384518964049326,0.8541267203819288,0.7453936971692159,0.9335875266265965
0.8956013488769531,0.8684283343633371,0.8341409804762635,0.850939407853063,0.7405522508287782,0.9297605875720191
0.8954190063476563,0.8685836122781511,0.8356393028812624,0.8517930345870385,0.7418462526750867,0.9289927461884383
0.8977345275878906,0.8737473137228604,0.8352234780593851,0.8540511913039635,0.745278658892084,0.932629829987484
0.8899627304077149,0.8589712331498118,0.8258445148573709,0.8420822065037105,0.7272383335271796,0.9252912544501398
0.8825910949707031,0.8524474025125509,0.8165188232555185,0.834096387620366,0.7154076707232748,0.9199934714688013
0.8976352310180664,0.870259694103024,0.8351500635553653,0.852343474142826,0.7426816777835323,0.9318415361537458
0.8898498916625976,0.8664064062649238,0.8314852316798812,0.848586700520098,0.7369957433211932,0.9243074542638101
0.8983788299560547,0.8708891028057485,0.8406870467571592,0.8555216057173123,0.7475209754864078,0.9305340529226563
0.9021429824829101,0.8855114052353263,0.8352389841094052,0.8596408300772707,0.7538333998186902,0.9395774841107978
0.8906003952026367,0.8626532804302756,0.8362545057278996,0.8492487920984856,0.7379951341933916,0.9223110634524192
0.9005067825317383,0.8644686457872858,0.8401457104081099,0.8521336475911321,0.7423631207612954,0.931772641097534
0.8978063583374023,0.863838993051003,0.8370130052418385,0.8502144482229248,0.7394548026011095,0.9300422544131884
0.896213150024414,0.8712792060708574,0.8342174182920334,0.8523456212309793,0.7426849380779684,0.9309481069947311
0.897521858215332,0.8693505172128998,0.8367726688759738,0.8527505615166675,0.7433000469749688,0.9309018716035614
0.903180160522461,0.8762898944132852,0.8422496504854835,0.8589326436908102,0.7527449093531594,0.9359840227658686
0.9033104705810547,0.8786566846804222,0.8443061750273243,0.8611390088008659,0.7561405785741698,0.9357989386154206
0.9021468353271485,0.8736803275224114,0.8472634067809777,0.8602691139507767,0.7548002115945315,0.9324231155062658
0.8972720336914063,0.8649442802684635,0.8385644430600637,0.8515501079960517,0.741477807542973,0.9290732142286889
0.8953997802734375,0.8580824079807635,0.8416899910203589,0.8498071561727717,0.73883884840134,0.9245215141832014
0.8945672988891602,0.86651593958575,0.8368633530035521,0.8514315487896384,0.7412980461829678,0.9271676580090986
0.9026677703857422,0.8791354431013444,0.8456293157048328,0.8620569261587029,0.7575571625465417,0.9347034915425846
0.9050762557983398,0.8751350717790706,0.8490595601516407,0.8619001420807952,0.7573150423343455,0.9350902542346319
0.9012733459472656,0.8809412272629656,0.8391027536568278,0.8595131494380657,0.7536370533466221,0.936232181180275
0.898723258972168,0.874807362066467,0.8431182986453002,0.8586705602176942,0.7523424265490556,0.9306726839393563
0.9073568344116211,0.8800402479605852,0.8527114312171855,0.8661603256656933,0.7639178141955814,0.9369830372750266
0.9003738403320313,0.8729652450270196,0.8422997492223834,0.8573583783628492,0.7503300791147848,0.9324016002666637
0.8959732055664062,0.8632742477849301,0.8333431347522064,0.848044674308528,0.7361784397320107,0.9294505571569137
0.9050923538208008,0.8844733884131653,0.8501915266118925,0.8669937044662253,0.7652152577473302,0.9364904776221753
0.9024465560913086,0.8743274444257518,0.845154595909455,0.8594935459077417,0.7536069110558626,0.9337101169054249
0.8957461929321289,0.8666352752113857,0.8392650190111649,0.8527305765633942,0.7432696794176467,0.9274665626800896
0.9051308441162109,0.8812832858304819,0.8461691794957283,0.8633693486132,0.7595865442831454,0.9374737276627538
0.9051809692382813,0.8800818263673542,0.849978839936553,0.8647684377717214,0.7617551049006414,0.9357870817651481
0.8992477035522461,0.8720820951727383,0.8473831429125308,0.8595552271915985,0.7537017553904881,0.9289109955938567
0.9032611083984375,0.8798874976425344,0.8484645840921898,0.863890393195679,0.7603935289532958,0.9343299748314099
0.9049769973754883,0.8807964553004066,0.8482746179468751,0.864229687453756,0.7609194199804971,0.9363932512084887
0.9046137237548828,0.881468382557581,0.8475885211056339,0.8641965237702546,0.7608680038900045,0.9364230264934413
0.8944462966918946,0.8639199073322481,0.8376508601320842,0.8505826114308317,0.7400119572661626,0.9262097785132285
0.8977998733520508,0.8737517463365604,0.8356077230379644,0.8542541464656298,0.7455878141129173,0.9325458476573042
0.9019734573364258,0.873834823301923,0.8489677341044893,0.8612218117867871,0.7562682712935321,0.9315665266156395
0.888873291015625,0.8495246199662251,0.8336187921598862,0.841496550447562,0.726365166001582,0.9191338748263826
0.8862709426879882,0.8460106811571306,0.8222161937454798,0.8339437430171425,0.7151831123268031,0.9203581760154395
0.898198127746582,0.8725094641249407,0.8384466763084384,0.8551389985460568,0.7469369621814813,0.9315716104907169
0.9039132308959961,0.880082040355498,0.8480898245488847,0.8637898097421177,0.7602376894244064,0.9352110633440374
0.9051795196533203,0.8784057257134207,0.8496177906714855,0.8637719624963527,0.7602100405778625,0.9356025684022437
0.9050889587402344,0.8780955212349701,0.8495158891454866,0.8635693107772653,0.7598961546593803,0.9354877906140261
0.8972470092773438,0.8734970574891354,0.8408730601531125,0.8568746459204241,0.7495893979277227,0.9297618639464866
0.9010817337036133,0.8762945990980798,0.8418359978224884,0.8587197498727674,0.7524179532389483,0.9339897880860529
0.9016676712036132,0.8772250421898593,0.8458352854003992,0.8612442432108282,0.7563028665946653,0.933181360258484
0.9083625030517578,0.885250397674291,0.8521340156930108,0.8683765900742546,0.767372415997682,0.9392748526893218
0.9034945678710937,0.8854312386461703,0.8450544431429888,0.8647717923235737,0.7617603108132592,0.9371078796496524
0.901374168395996,0.8676453090111894,0.8491956599457336,0.8583213519563487,0.7518064329460347,0.9296934655412901
0.8926372909545899,0.8627606112535482,0.829943303808897,0.846033834657419,0.7331530681458538,0.9272060767792767
0.8990398788452149,0.8720952207753162,0.8466910476866287,0.8592053936077891,0.753163969038253,0.9289793341625565
0.8931221389770507,0.8659391908550226,0.8342973987178818,0.8498238642890172,0.7388641077687615,0.9265662890519167
0.8976607131958008,0.8629171112315589,0.8416929629682038,0.8521729058646145,0.7424227135067968,0.9278575216577017
0.9052970886230469,0.8817466332107748,0.8474279789936855,0.8642467476592136,0.7609458708377034,0.937248907645381
0.9100018310546875,0.8864946917265379,0.8560176199180486,0.8709896291814734,0.7714629127365858,0.9397014506318374
0.9042627716064453,0.8804122207617612,0.8470274631593393,0.8633972425521464,0.759629727179998,0.9360672942741769
0.90697998046875,0.8875206111609291,0.8488446600921904,0.867751899877626,0.7663973114936902,0.9396131728062282
0.9101714706420898,0.8881482668747996,0.8531898203460271,0.8703181373180989,0.7704099411244292,0.9413005438275325
0.9081110382080078,0.8825831522628762,0.8525416771809514,0.867302349794658,0.7656962558697182,0.9383271705377738
0.9062764739990234,0.8799354506588358,0.8503726006725724,0.8649014804328948,0.7619615967455795,0.9367503069516511
0.9052730178833008,0.8814293415430122,0.8421907289849492,0.8613633971846822,0.7564866569851452,0.939153163197152
0.8970780563354492,0.8579450801673024,0.8447065443961421,0.8512743458434809,0.7410597497872986,0.9251176599237244
0.896758918762207,0.864261854924695,0.8379921148788807,0.8509242832913595,0.7405293410330763,0.9286276904684581
0.901963005065918,0.8692793424765879,0.8488722140540264,0.8589545867182424,0.7527786157501002,0.9307600891000898
0.9058372497558593,0.8845790767217436,0.8558290621039448,0.8699666069113526,0.7698592025971277,0.9349625174844761
0.8992839813232422,0.8741166962634463,0.8527794264157936,0.8633162412843856,0.7595043341341323,0.9269469328560515
0.9018183135986328,0.878921691243813,0.8455484011685437,0.861912113238147,0.7573335269304239,0.9337989191797023
0.9035527038574219,0.8811065530401083,0.8457673290052503,0.8630753452025182,0.7591315234132697,0.9359721931508901
0.9068760299682617,0.8860128276363954,0.8540559046449157,0.8697409165463558,0.7695057967494997,0.9371092277171851
0.900771598815918,0.8705025076913305,0.8444483526119247,0.8572775180677847,0.7502062238403018,0.9314889555393675
0.9069093322753906,0.8848963995482836,0.8504290732369933,0.8673204384774403,0.7657244537118506,0.9383741405420046
0.9041226959228515,0.8734669214974811,0.8543278016011814,0.8637913576631323,0.7602400874953317,0.9316309130655752
0.9045772552490234,0.8823926400380124,0.845794308250675,0.8637059472361749,0.7601077776789995,0.9372817727920324
0.8933235168457031,0.8591143311285888,0.8407464058951544,0.8498311307713813,0.7388750934819994,0.9227733599131285
0.9062018203735351,0.8809507413874085,0.852960027104752,0.8667294556399806,0.7648036560673516,0.9358382147500315
0.9072629165649414,0.8802216965672953,0.8562602900588197,0.8680756737168029,0.7669025689793493,0.935497310659392
0.9028945541381836,0.8810853485147747,0.8432225810998322,0.8617382649396359,0.7570651269357976,0.9362966164512979
0.9059037017822266,0.8803562663269379,0.8507238036307396,0.865286412150906,0.7625593113686946,0.9363037691718928
0.9072519302368164,0.8801339348277567,0.8503287446121425,0.8649746599965601,0.7620751973642621,0.9378170534545609
0.9075063705444336,0.8849714258882648,0.8521964331322947,0.8682747480617007,0.7672133731880698,0.9383099927452588
0.9076830291748047,0.88858385999643,0.8534128571266897,0.8706433063876079,0.7709196849072933,0.9387480784489487
0.9087083435058594,0.8885237654727021,0.8535733160984849,0.8706979478351827,0.7710053711193539,0.9397351747828906
0.9079319381713867,0.8850397239690505,0.8572049082762403,0.8708999658997453,0.7713222385948635,0.9367484278866423
0.914153938293457,0.8917443218401621,0.857044122261724,0.8740499540364658,0.7762777373382455,0.9445762926609829
0.9110556030273438,0.889516304718271,0.8563592639628198,0.8726229310453334,0.7740293421565264,0.9412609991442511
0.9129569244384765,0.8925815442215771,0.8537795495102791,0.8727494805764363,0.7742285015958386,0.944767598552097
0.9094236755371093,0.8826887275630022,0.8565918688905817,0.8694445143969841,0.7690418785003194,0.9381341483827805
0.9066504287719727,0.8783694980914727,0.8524849172540709,0.8652336583137998,0.7624773722386852,0.9360115428829183
0.9037504196166992,0.8756481123296658,0.8481550913203005,0.8616823580613618,0.7569788311405363,0.934146573591519
0.8897164916992187,0.8505910843743154,0.8359439455190053,0.8432039115607703,0.7289131766502049,0.9192776553114269
0.9001743698120117,0.8838305027093191,0.8383543608728414,0.8604920085960843,0.7551434611142362,0.9360510225033817
0.8943534851074219,0.8608334438959965,0.834772477557642,0.8476026860173789,0.7355125491295281,0.9267103595382057
0.8937421035766602,0.8707104874533882,0.8352559808270184,0.8526148148120712,0.7430937978098633,0.9277927051894078
0.9095470428466796,0.8811044295557631,0.8464459402461052,0.8634275218451342,0.7596766052674787,0.94173565728233
0.8980101776123047,0.8663107138610676,0.8453432007155907,0.8556985327850573,0.7477911698109576,0.9273432895178539
0.9065648651123047,0.8824516075677867,0.8508344123810734,0.8663546423824777,0.7642201651169068,0.9373643435462562
0.9044020080566406,0.8793679759701236,0.8527009145411666,0.8658291612253298,0.7634027711034698,0.9337040567280666
0.9063185501098633,0.880726463754003,0.8538400062170022,0.8670748596907522,0.7653417060319376,0.9355627259719255
0.9075670623779297,0.8813334933674579,0.8507044793164071,0.8657481676541974,0.7632768517232196,0.9382311240792524
0.9065519332885742,0.890487202628253,0.849504606096978,0.8695132661082217,0.7691494645981934,0.9395568903936997
0.902149658203125,0.8816569484212777,0.8425269639432643,0.8616479328752823,0.7569256979096611,0.9359287442730668
0.9107850646972656,0.8853829851377558,0.8563946350097948,0.8706475839742375,0.7709263925233205,0.9401484458394023
0.9120277404785156,0.8930085777287242,0.8545306797650569,0.8733460191983916,0.7751679167520541,0.9436651910570214
0.9119403076171875,0.8939236057677298,0.8567263952587221,0.874929823730648,0.7776668888618569,0.9429336367244622
0.9057764434814453,0.8815297548980624,0.8528510709730969,0.8669533061538972,0.7651523197257146,0.9355411200661422
0.9119771957397461,0.8928929198429671,0.8632969371727612,0.8778455471022274,0.7822858474030389,0.9401238925213263
0.9148608779907227,0.8925070160154756,0.8611187137433247,0.8765319538780363,0.7802019442419281,0.9439204037528277
0.9088334274291993,0.8888612029390827,0.8501939089163381,0.8690976789166689,0.7684993325366329,0.9412442974296505
0.9077478790283203,0.8868580905009391,0.8498046041223055,0.8679360601735205,0.7666846629763298,0.9398797186382029
0.9104280853271485,0.8833465903754879,0.8585335501529607,0.8707633396870854,0.771107926522501,0.9385533343329061
0.9112844848632813,0.8875700428266472,0.8543471988687119,0.8706417982873899,0.7709173200912776,0.9418684991657905
0.9118429946899415,0.889279793130069,0.8599063663902934,0.8743464512942112,0.7767456090725997,0.9406391378147398
0.913260612487793,0.8945608918718634,0.8620413181737487,0.8780000913193451,0.7825313393757527,0.9423312355157752
0.911947135925293,0.894881582148146,0.8534707157075869,0.8736857272143878,0.775703325727711,0.9443858774793323
0.9077118301391601,0.8847106146034507,0.8553186501984834,0.8697663930210158,0.7695456829901081,0.9372217456231569
0.9134408187866211,0.8932518362936533,0.8631747417030445,0.8779557685217332,0.7824609261303783,0.9418008373289964
0.9160621643066407,0.8930108835586243,0.8610402455890591,0.8767342042835982,0.7805224797434791,0.9452592793582155
0.913660774230957,0.8966408597487311,0.859114639674759,0.8774767208687476,0.7817002437115138,0.9443254880514526
0.9117539215087891,0.8918729041324618,0.8574968463938087,0.8743471212390658,0.7767466665225483,0.9420160776595643
0.9080036926269531,0.8885384195670208,0.8566032126736981,0.8722786170745979,0.7734876985411372,0.9377706179566443
0.9127391815185547,0.8980889538790497,0.8555999863181685,0.8763297515749847,0.7798816003211674,0.9450678605355255
0.9149721527099609,0.8946656836797717,0.8649321165974759,0.8795476822150455,0.784993406907169,0.9429875244114766
0.9143324661254882,0.8966373380681396,0.8619450030584868,0.8789489750117387,0.7840401154095036,0.9439066301556136
0.9145285415649415,0.8961898619442503,0.8608787131602094,0.8781794700891793,0.7828163656079554,0.9444270748153917
0.9079325103759766,0.8845268881656881,0.8561530873413107,0.8701087354312605,0.77008183239948,0.9370810782063663
0.91380615234375,0.8976848705607512,0.8555729722072285,0.8761231737581479,0.7795544434240438,0.9460333693287065
0.9111922836303711,0.8858092324956581,0.855525064206377,0.870403806943595,0.7705442106603597,0.9409817320379152
0.9096558761596679,0.8913030215005502,0.856882144177511,0.8737537180497198,0.7758105239083869,0.9399712960409293
0.9082009506225586,0.886161144244383,0.8540040751826139,0.8697854893369104,0.7695755815651426,0.9385552994152097
0.9135355377197265,0.8949881928748759,0.8619431032705156,0.8781548852246106,0.7827772957770829,0.94274395129383
0.9155491256713867,0.8992549245722676,0.8606635876603617,0.8795361424112491,0.7849750230266413,0.9461830473246747
0.9052246475219726,0.8805683637200301,0.8474870925931508,0.8637110801880973,0.7601157286045463,0.9369134471993175
0.9048914337158203,0.8754648551846294,0.856348897400329,0.8658013742309943,0.763359569091319,0.9319920064655896
0.9057791900634765,0.8780064682036518,0.8480971753122758,0.8627926931115981,0.7586942924877522,0.936743474534126
0.9108287429809571,0.8917933000876682,0.857831730947509,0.8744829054131368,0.7769610160689101,0.940913549953211
0.9173027801513672,0.8968228726858238,0.8662358191749853,0.8812640207183756,0.7877319019311984,0.9453213047485979
0.913237190246582,0.8971914094611216,0.8618457400134496,0.8791634610465152,0.7843815137106277,0.9429333105735326
0.9160357284545898,0.8966516361045237,0.8635223993262054,0.8797752456100439,0.7853560119631043,0.9450356656145461
0.9160712814331055,0.8936177959497826,0.8631963062420146,0.8781436575373869,0.7827594535052083,0.9445848659291574
0.9156147766113282,0.8977189072055652,0.8623119357485848,0.8796592761195167,0.7851712049461818,0.9452945936575518
0.915439453125,0.8971490748065661,0.8661330955891348,0.8813683010164621,0.7878985566181712,0.9434968492445471
0.9221485519409179,0.9011200080906825,0.8700421643574873,0.8853084312447359,0.7942182896685296,0.9496364368668587
0.9149013519287109,0.8961086414796847,0.8662026634860505,0.8809019040341016,0.7871534293638408,0.9426918090070485
0.9116363525390625,0.8935328111247732,0.8598007850730325,0.8763423163277149,0.7799015029770403,0.9413244291000968
0.9048727035522461,0.8783689395243237,0.8511056252437565,0.8645223939084583,0.7613733544990415,0.9346747710503314
0.9118370819091797,0.8901024168966686,0.8624669324913382,0.8760667888800743,0.7794651676918872,0.9397643049480552
0.9124853515625,0.8930246483701716,0.8603939785867084,0.8764056892913383,0.7800018929773513,0.9418667637506914
0.9075154495239258,0.8819694159600296,0.8552930247673087,0.8684264067930814,0.767450223305345,0.936491213085856
0.9044298934936523,0.8711512007003237,0.8519458240354292,0.8614414822681358,0.7566071210676316,0.9325314357409765
0.9145663452148437,0.8932622642332394,0.8619263106828617,0.8773145619633246,0.7814428977519746,0.9434626574185372
0.9096448516845703,0.8919610887368767,0.8528615341280841,0.8719732224397736,0.773007556013641,0.9416942238424852
0.914780158996582,0.8938802188635183,0.8634447210210503,0.8783989103956419,0.783165172125051,0.9432171177119825
0.9186854934692383,0.8977020418787772,0.8686551297727675,0.8829397544284663,0.7904137291867532,0.945985463607249
0.9149990081787109,0.8949951040865664,0.8592833840207451,0.8767757536048173,0.7805883432615487,0.9452543163327634
0.9143781280517578,0.8997876097419132,0.863054423001341,0.881038302837727,0.7873712791707452,0.9441819994627353
0.916332015991211,0.8953561395070421,0.8635342497007868,0.8791573333826994,0.784371758469896,0.945068755145016
0.9167602920532226,0.8979370637049202,0.8641297479659429,0.8807090893594884,0.7868455653369906,0.9458019063887382
0.9146061706542968,0.8903151745044949,0.865818768796862,0.8778961208181204,0.7823661758109153,0.9414059593392727
0.910602798461914,0.8982688477117249,0.8491258555492213,0.8730063132307981,0.7746328337769846,0.9454656405606472
0.9105377578735352,0.887717963693189,0.8592861605540564,0.8732707039320412,0.775049257154817,0.9392057295733008
0.915024528503418,0.8941878674094849,0.8607493180549353,0.8771500238990354,0.7811818520448217,0.9445643238981428
0.915876350402832,0.8995715266998037,0.8668967190175974,0.8829319257884566,0.7904011816035954,0.9441443079392722
0.9111793518066407,0.8878161193598892,0.861713191636535,0.8745699280273866,0.777098417580465,0.93892529104907
0.91248046875,0.8956192308212505,0.8599459932608873,0.8774201704010257,0.7816104897541867,0.9425790722431744
0.9127924728393555,0.8963681484036404,0.8580514971342134,0.8767914035588374,0.780613152656517,0.9438028307465047
0.9211082458496094,0.9007290744753932,0.8709362437382107,0.88558215672517,0.7946589890581767,0.9481893439351953
0.9141641998291016,0.8950629992127616,0.8590785896217996,0.8767017028508266,0.7804709622331076,0.9445120940398136
0.9157595825195313,0.8969557413865934,0.8627990878520787,0.8795459261184119,0.7849906092727225,0.9450954047463219
0.908499755859375,0.8813097990938985,0.856770823786957,0.8688670854976298,0.7681388052259788,0.9368229361170122
0.8988239288330078,0.8692402983280915,0.8332366350403776,0.8508577673206401,0.7404285937144313,0.9335792371604329
0.9005098342895508,0.8753039605336419,0.8452425227766526,0.8600106245015907,0.7544023154826242,0.9318083841652046
0.9128271102905273,0.8959901135704263,0.8567478820118611,0.8759296986085,0.7792481462451024,0.9442581599750794
0.9116560745239258,0.8907692384974791,0.8564585793437343,0.8732770263116121,0.7750592174870572,0.9420913251532101
0.9135002517700195,0.8917499328682096,0.8628804590313124,0.8770776967808571,0.7810671266092858,0.9416828457016818
0.9149826049804688,0.8953565901430764,0.8620946847135788,0.878410876396648,0.7831841963432739,0.9442476347530789
0.9160314178466797,0.8968565018965656,0.8636088869547208,0.87991874224393,0.7855847387418365,0.9450400965210572
0.9153916931152344,0.8914430738630481,0.8643068529175517,0.8776652596973165,0.7819995480676452,0.9430383542253825
0.9172842407226562,0.8933685101274892,0.869402462791532,0.8812225692587701,0.787665665256519,0.9434003431443437
0.9124546432495118,0.8902228976147187,0.8646705466873436,0.8772606930106193,0.7813574242474765,0.9395466029592575
0.9169892501831055,0.9025352545850045,0.8647035859098287,0.883214484841417,0.790854172849834,0.9467855163412314
0.9202788543701171,0.9021353007989198,0.8667623934315664,0.8840951684995434,0.792267533523249,0.9491949571247251
0.9179252624511719,0.9028014924079779,0.8652407494545106,0.883622145901742,0.7915081284154263,0.9475748370091451
0.9166485977172851,0.8991570984316546,0.8697124087556231,0.8841896847102093,0.7924193499506891,0.9437269761701425
0.9164032745361328,0.901233589248484,0.8664787696845078,0.8835145239146691,0.7913354386055119,0.945209623741215
0.917835693359375,0.8999554987143642,0.8663733969563562,0.8828452101324473,0.7902622072963724,0.9464494895602761
0.9169039916992188,0.8985668176854544,0.8649641535043302,0.8814453497258558,0.7880217113306214,0.945758101948346
0.9136376190185547,0.891294935996421,0.862060209298725,0.8764338487085346,0.7800465043390027,0.942060510429611
0.9136723709106446,0.8927712358016033,0.8619480801190137,0.8770889403254101,0.7810849601744799,0.9424337747086439
0.917861213684082,0.8969030198714196,0.8705102199315932,0.8835095579261357,0.7913274710037194,0.9442450604113126
0.917677001953125,0.9010730971789466,0.864892991672546,0.8826124257477552,0.7898892435226865,0.9470893071694587
0.9132975006103515,0.896341481257102,0.8626906289392475,0.8791941792622665,0.7844304187174598,0.9424764026333666
0.9135079956054688,0.8994413805754823,0.8587796251374847,0.8786403178371011,0.783549053718753,0.9449099884636923
0.917078857421875,0.8986752060191495,0.8657466192893575,0.8819036471782578,0.7887546050504463,0.9456568291312162
0.918706169128418,0.9020314393546311,0.8681077876443566,0.8847445503271153,0.7933111204133722,0.9470970050220804
0.8976659774780273,0.878132017077943,0.8417309638855793,0.8595462747151043,0.7536879889627979,0.930800648239934
0.9124807357788086,0.8994289971430712,0.8567247019613458,0.8775576305260213,0.7818286750323582,0.9446791054377389
0.9114616775512695,0.8879757304671918,0.8600979112124831,0.8738145267705637,0.7759064093277845,0.9399074876073119
0.9148747253417969,0.8999283896145341,0.8595664771522386,0.8792844925677057,0.7845742177533185,0.9460767855432743
0.9139595413208008,0.8953880265437034,0.8605139814953551,0.8776046865677393,0.7819033775934461,0.9438230909305405
0.9139221954345703,0.8887609806570766,0.8553723820157294,0.8717470961076896,0.7726522068769222,0.9443541977191734
0.9130879592895508,0.8919011328010737,0.8658504808849177,0.8786827657841871,0.7836165707367275,0.9400660957134639
0.9147344207763672,0.893259364588298,0.8605031037025979,0.8765753282298487,0.7802706761359012,0.9441762376991689
0.9179936981201172,0.9000680046288233,0.8673739287559619,0.8834185797859291,0.7911815151075683,0.9462477701386526
0.9172666931152343,0.9015984508080767,0.8655374591871159,0.883200016371786,0.7908309718115164,0.9465408087463135
0.9167211151123047,0.8957395072522679,0.8635330179631605,0.8793414652021212,0.7846649428862098,0.9455399100243574
0.9153281784057617,0.898481595774521,0.8617200141028795,0.8797169245128964,0.7852630676674214,0.9453938414105063
0.9182293701171875,0.9011027698303027,0.8676533678583201,0.8840617837249435,0.7922139154584162,0.9465940583389177
0.9160409545898438,0.8925686812397619,0.8639873488877662,0.8780454883054357,0.7826034648938341,0.94404810707076
0.912984733581543,0.894751532607992,0.8583925047033835,0.8761949877666013,0.7796681614947522,0.9435211205858903
0.920799903869629,0.9076008786453801,0.8704274715060156,0.8886255811035513,0.7995735424483873,0.9495040210985284
0.9188042831420898,0.9020524954002342,0.8703375915320343,0.8859112924073844,0.795189185896795,0.9463294564993944
0.9135739898681641,0.8906812270978889,0.8655695820385667,0.8779458759057199,0.7824452110225931,0.9404723335992573
0.9095776748657226,0.8904731241325543,0.8528158632610683,0.8712377713155545,0.7718523433681584,0.9413272319815589
0.9196023559570312,0.9037707462829421,0.8681641908401032,0.8856097164894962,0.7947033724124791,0.9483458679209639
0.9180630493164063,0.9015571093329418,0.8704565580242158,0.8857339113220742,0.7949034080118113,0.9454071533453693
0.9199464797973633,0.903567073993074,0.8703453515233627,0.8866451255737613,0.7963724288993561,0.9478136101034337
0.920926628112793,0.9062277483276935,0.8696087322149799,0.8875406851428788,0.7978185568582974,0.9496446103147789
0.9185196304321289,0.900254792061666,0.8699992898562859,0.8848684917984205,0.7935104382670398,0.9458011441212562
0.9218833923339844,0.9032249476950202,0.8714429914093823,0.8870493831450529,0.7970249260939704,0.9492822328252858
0.9196504592895508,0.9015981259669817,0.8731114376644026,0.8871261552767142,0.7971488947134854,0.9460154118750186
0.9165064239501953,0.8978923648776072,0.8666555982587494,0.8819974984095492,0.7889047628738173,0.944552574295162
0.9206143569946289,0.9063300869257681,0.8723252812992226,0.8890026276607632,0.8001842756737964,0.9483038462812751
0.9205729293823243,0.9021720657534285,0.8655480042369257,0.883480641813888,0.7912810784124542,0.9499282813616947
0.9169693374633789,0.899237772342338,0.8671895265447346,0.8829229241871528,0.7903867542395757,0.9450960763440656
0.9193630218505859,0.901277957039833,0.8695016072019734,0.8851046714189819,0.7938903758306154,0.9470721589526596
0.9183283615112304,0.9010870411275558,0.8701327835381468,0.8853394303606059,0.7942681875317646,0.9457181991976719
0.917945327758789,0.9040728754126527,0.86881336895086,0.8860924982204386,0.7954812197645055,0.9464732641273117
0.9193095397949219,0.9040463200103808,0.8681980953857142,0.8857596461919774,0.7949448637045045,0.9480977454365385
0.9178733444213867,0.9040524838900739,0.8689715203180312,0.8861649470156211,0.7955980058638442,0.9463311630649779
0.9156301498413086,0.8932036360584926,0.8650435440933054,0.8788980840183778,0.7839591311810631,0.9433414559967096
0.9157521438598633,0.8960546710078758,0.8658654614174085,0.8807014312271725,0.7868333399128283,0.9437096180476849
0.9200248336791992,0.9038700112354384,0.8704818769759248,0.8868618103882556,0.7967221129099771,0.9479037436617104
0.9206799697875977,0.9040579423321993,0.8728755243516566,0.8881931318792553,0.7988735789881769,0.9476802743856924
0.922586555480957,0.9080562583476915,0.8709162621489154,0.8890985703594062,0.8003397480972306,0.9511877402356043
0.9228610992431641,0.9023507650507961,0.8706548170849343,0.886219477487926,0.795685917984186,0.9503640643460398
0.9217267227172852,0.9031698818483448,0.8721056422765912,0.8873659769319184,0.7975362594836101,0.9488646770800682
